graph,temporal_edges,sample,order,size,span,density,degree_min,degree_max,degree_avg,indegree_min,indegree_max,indegree_avg,dead_ends,dead_ends_rec,beginnings,beginnings_rec,self_loops,components,component_min,component_max,component_avg,inidenticals,inidentical_min,inidentical_max,inidentical_avg,outidenticals,outidentical_min,outidentical_max,outidentical_avg,chains,chain_min,chain_max,chain_avg,blockgraph_order,blockgraph_size,blockgraph_span,blockgraph_density,blockgraph_degree_min,blockgraph_degree_max,blockgraph_degree_avg,blockgraph_indegree_min,blockgraph_indegree_max,blockgraph_indegree_avg,blockgraph_dead_ends,blockgraph_dead_ends_rec,blockgraph_beginnings,blockgraph_beginnings_rec,blockgraph_self_loops,blockgraph_levels,blockgraph_level_min,blockgraph_level_max,blockgraph_level_avg
"email-Eu-core-temporal","332335","1","751","7089","1005","1.256913e-02","1","89","9.439414","0","86","9.439414","0","0","23","26","137","168","1","582","4.470238","5","2","23","6.200000","13","2","2","2.000000","1","3","3","3.000000","168","170","168","6.023243e-03","0","134","1.011905","0","22","1.011905","139","168","24","168","0","5","1","132","33.599998"
"email-Eu-core-temporal","332335","2","802","10677","1005","1.659971e-02","1","141","13.312967","0","115","13.312967","0","0","20","21","145","168","1","635","4.773809","4","2","20","6.500000","4","2","2","2.000000","0","0","0","0.000000","168","172","168","6.094104e-03","0","143","1.023810","0","19","1.023810","145","168","20","168","0","5","1","142","33.599998"
"email-Eu-core-temporal","332335","3","827","12899","1005","1.886014e-02","1","185","15.597340","0","131","15.597340","0","0","18","19","138","161","1","667","5.136646","4","2","18","6.000000","9","2","2","2.000000","0","0","0","0.000000","161","163","161","6.288338e-03","0","141","1.012422","0","16","1.012422","138","161","18","161","0","5","1","138","32.200001"
"email-Eu-core-temporal","332335","4","850","15062","1005","2.084706e-02","1","236","17.719999","0","146","17.719999","0","0","18","19","135","155","1","696","5.483871","3","2","18","7.333333","4","2","2","2.000000","0","0","0","0.000000","155","154","155","6.409990e-03","0","135","0.993548","0","17","0.993548","135","155","18","155","0","4","1","135","38.750000"
"email-Eu-core-temporal","332335","5","865","16765","1005","2.240636e-02","1","248","19.381502","0","160","19.381502","0","0","20","21","138","160","1","706","5.406250","1","20","20","20.000000","5","2","2","2.000000","0","0","0","0.000000","160","159","160","6.210938e-03","0","138","0.993750","0","19","0.993750","138","160","20","160","0","4","1","138","40.000000"
"email-Eu-core-temporal","332335","6","883","18508","1005","2.373767e-02","1","273","20.960361","0","172","20.960361","0","0","19","20","145","166","1","718","5.319277","2","2","19","10.500000","5","2","2","2.000000","0","0","0","0.000000","166","165","166","5.987807e-03","0","145","0.993976","0","18","0.993976","145","166","19","166","0","4","1","145","41.500000"
"email-Eu-core-temporal","332335","7","913","20127","1005","2.414557e-02","1","294","22.044907","0","178","22.044907","0","0","22","23","146","172","1","741","5.308139","2","2","22","12.000000","7","2","3","2.142857","1","2","2","2.000000","172","171","172","5.780152e-03","0","146","0.994186","0","22","0.994186","146","172","23","172","0","5","1","146","34.400002"
"email-Eu-core-temporal","332335","8","959","22038","1005","2.396266e-02","1","301","22.980188","0","186","22.980188","0","0","20","21","156","178","1","782","5.387640","2","3","20","11.500000","10","2","3","2.100000","0","0","0","0.000000","178","177","178","5.586416e-03","0","156","0.994382","0","19","0.994382","156","178","20","178","0","4","1","156","44.500000"
"email-Eu-core-temporal","332335","9","975","23635","1005","2.486259e-02","1","316","24.241026","0","200","24.241026","0","0","23","24","161","186","1","790","5.241935","2","3","23","13.000000","8","2","3","2.125000","0","0","0","0.000000","186","186","186","5.376344e-03","0","161","1.000000","0","22","1.000000","161","186","23","186","0","4","1","161","46.500000"
"email-Eu-core-temporal","332335","10","986","25091","1005","2.580858e-02","1","333","25.447262","0","211","25.447262","0","0","21","21","162","184","1","803","5.358696","3","2","21","8.666667","8","2","4","2.250000","0","0","0","0.000000","184","184","184","5.434783e-03","0","162","1.000000","0","19","1.000000","162","184","21","184","0","3","1","162","61.333332"
"email-Eu-core-temporal","332335","11","986","25091","1005","2.580858e-02","1","333","25.447262","0","211","25.447262","0","0","21","21","162","184","1","803","5.358696","3","2","21","8.666667","8","2","4","2.250000","0","0","0","0.000000","184","184","184","5.434783e-03","0","162","1.000000","0","19","1.000000","162","184","21","184","0","3","1","162","61.333332"
"CollegeMsg","59836","1","564","2551","565","8.019592e-03","1","88","4.523050","0","35","4.523050","0","0","73","86","216","313","1","249","1.801917","9","2","73","9.888889","27","2","4","2.259259","1","3","3","3.000000","313","488","313","4.981168e-03","0","139","1.559105","0","74","1.559105","217","313","74","313","0","6","1","134","52.166668"
"CollegeMsg","59836","2","792","4724","793","7.531119e-03","1","113","5.964646","0","46","5.964646","0","0","75","86","272","370","1","418","2.140541","7","2","75","12.428572","25","2","4","2.240000","1","3","3","3.000000","370","493","370","3.601169e-03","0","234","1.332432","0","76","1.332432","275","370","77","370","0","5","3","228","74.000000"
"CollegeMsg","59836","3","981","6951","982","7.222861e-03","1","202","7.085627","0","62","7.085627","0","0","44","44","323","379","1","600","2.588391","9","2","44","6.888889","26","2","4","2.269231","1","3","3","3.000000","379","398","379","2.770797e-03","0","327","1.050132","0","40","1.050132","325","379","45","379","0","4","5","321","94.750000"
"CollegeMsg","59836","4","1116","8959","1117","7.193349e-03","1","202","8.027778","0","78","8.027778","0","0","34","34","352","398","1","717","2.804020","5","2","34","8.600000","28","2","4","2.250000","0","0","0","0.000000","398","409","398","2.582005e-03","0","359","1.027638","0","29","1.027638","353","398","34","398","0","4","3","352","99.500000"
"CollegeMsg","59836","5","1260","10928","1261","6.883346e-03","1","202","8.673016","0","89","8.673016","0","0","36","36","386","433","1","825","2.909931","7","2","36","7.000000","31","2","4","2.161290","0","0","0","0.000000","433","443","433","2.362805e-03","0","392","1.023095","0","31","1.023095","388","433","36","433","0","4","3","387","108.250000"
"CollegeMsg","59836","6","1398","12978","1399","6.640388e-03","1","202","9.283262","0","109","9.283262","0","0","46","46","400","458","1","938","3.052402","7","2","46","8.428572","32","2","5","2.375000","0","0","0","0.000000","458","468","458","2.231079e-03","0","407","1.021834","0","42","1.021834","402","458","46","458","0","4","3","401","114.500000"
"CollegeMsg","59836","7","1498","14804","1499","6.597136e-03","1","203","9.882510","0","113","9.882510","0","0","39","39","424","475","1","1021","3.153684","5","2","39","9.600000","34","2","5","2.294118","0","0","0","0.000000","475","483","475","2.140720e-03","0","431","1.016842","0","34","1.016842","426","475","39","475","0","4","3","425","118.750000"
"CollegeMsg","59836","8","1677","17180","1678","6.108816e-03","1","233","10.244484","0","115","10.244484","0","0","39","39","460","512","1","1162","3.275391","4","2","39","11.500000","39","2","5","2.230769","1","3","3","3.000000","512","520","512","1.983643e-03","0","466","1.015625","0","35","1.015625","463","512","40","512","0","4","4","460","128.000000"
"CollegeMsg","59836","9","1771","19123","1772","6.097038e-03","1","233","10.797854","0","123","10.797854","0","0","36","36","486","535","1","1234","3.310280","4","2","36","10.750000","38","2","4","2.210526","0","0","0","0.000000","535","544","535","1.900603e-03","0","493","1.016822","0","33","1.016822","488","535","36","535","0","4","4","486","133.750000"
"CollegeMsg","59836","10","1899","20842","1900","5.779489e-03","1","237","10.975250","0","137","10.975250","0","0","37","37","549","601","1","1294","3.159734","6","2","37","8.333333","39","2","4","2.153846","2","2","3","2.500000","601","613","601","1.697116e-03","0","555","1.019967","0","34","1.019967","552","601","39","601","0","4","5","548","150.250000"
"CollegeMsg","59836","11","1899","20845","1900","5.780321e-03","1","237","10.976830","0","137","10.976830","0","0","37","37","549","601","1","1294","3.159734","6","2","37","8.333333","39","2","4","2.153846","2","2","3","2.500000","601","614","601","1.699885e-03","0","555","1.021631","0","34","1.021631","552","601","39","601","0","4","5","548","150.250000"
"sx-mathoverflow","506551","1","8702","46643","81884","6.159541e-04","1","419","5.360032","0","401","5.360032","0","0","2716","2794","4405","6961","1","1742","1.250108","45","2","2716","62.644444","890","2","34","2.888764","29","2","2","2.000000","6961","9192","6961","1.896998e-04","0","3676","1.320500","0","2100","1.320500","3925","6961","2751","6961","0","8","3","3470","870.125000"
"sx-mathoverflow","506551","2","20257","95798","81884","2.334566e-04","1","1006","4.729131","0","479","4.729131","0","0","5387","5515","12094","17176","1","3080","1.179378","100","2","5387","56.669998","2008","2","52","2.851096","80","2","2","2.000000","17176","21492","17176","7.285054e-05","0","10318","1.251281","0","3825","1.251281","11044","17176","5500","17176","0","8","7","9789","2147.000000"
"sx-mathoverflow","506551","3","21720","117852","88577","2.498143e-04","1","1102","5.425967","0","589","5.425967","0","0","5208","5315","13619","17535","1","4170","1.238666","148","2","5208","37.932434","2048","2","54","2.848145","93","2","2","2.000000","17535","20842","17535","6.778410e-05","0","11044","1.188594","0","3770","1.188594","11612","17535","5345","17535","0","8","5","10548","2191.875000"
"sx-mathoverflow","506551","4","21799","136594","88577","2.874474e-04","1","1134","6.266067","0","656","6.266067","0","0","4765","4839","14078","16628","1","5156","1.310982","165","2","4765","31.812120","1961","2","57","2.860785","90","2","2","2.000000","16628","19113","16628","6.912719e-05","0","10798","1.149447","0","3466","1.149447","11213","16628","4903","16628","0","8","1","10328","2078.500000"
"sx-mathoverflow","506551","5","21976","155790","88577","3.225836e-04","1","1287","7.089097","0","686","7.089097","0","0","4303","4353","14513","15638","1","6308","1.405295","190","2","4303","25.684210","1851","2","58","2.900054","91","2","2","2.000000","15638","17341","15638","7.091069e-05","0","10493","1.108901","0","3185","1.108901","10737","15638","4447","15638","0","8","1","10048","1954.750000"
"sx-mathoverflow","506551","6","22242","174524","88577","3.527829e-04","1","1521","7.846597","0","719","7.846597","0","0","3840","3877","14933","14524","1","7678","1.531396","223","2","3840","20.484304","1705","2","66","3.019941","84","2","2","2.000000","14524","15814","14524","7.496685e-05","0","9986","1.088819","0","2908","1.088819","10165","14524","3978","14524","0","6","13","9592","2420.666748"
"sx-mathoverflow","506551","7","22615","193287","88577","3.779283e-04","1","1590","8.546849","0","751","8.546849","0","0","3415","3442","15301","13467","1","9086","1.679290","262","2","3415","16.541985","1599","2","68","3.161351","86","2","3","2.034884","13467","14427","13467","7.954892e-05","0","9506","1.071285","0","2642","1.071285","9581","13467","3554","13467","0","6","13","9154","2244.500000"
"sx-mathoverflow","506551","8","23206","210668","88577","3.911992e-04","1","1659","9.078170","0","803","9.078170","0","0","3172","3191","15755","12606","1","10524","1.840869","297","2","3172","14.370370","1533","2","69","3.298108","81","2","3","2.037037","12606","13204","12606","8.309041e-05","0","9024","1.047438","0","2548","1.047438","9037","12606","3305","12606","0","6","8","8740","2101.000000"
"sx-mathoverflow","506551","9","23869","227623","88577","3.995284e-04","1","1717","9.536345","0","868","9.536345","0","0","2966","2982","16267","11947","1","11832","1.997907","325","2","2966","12.981539","1452","2","70","3.467631","76","2","3","2.039474","11947","12361","11947","8.660358e-05","0","8684","1.034653","0","2463","1.034653","8607","11947","3100","11947","0","6","9","8421","1991.166626"
"sx-mathoverflow","506551","10","24818","245022","88581","3.978062e-04","1","1849","9.872754","0","969","9.872754","0","0","2838","2851","17031","11626","1","13095","2.134698","353","2","2838","12.031161","1393","2","75","3.664752","69","2","3","2.043478","11626","11977","11626","8.861096e-05","0","8568","1.030191","0","2410","1.030191","8429","11626","2969","11626","0","6","1","8317","1937.666626"
"sx-askubuntu","964438","1","40374","108762","503250","6.672270e-05","1","833","2.693862","0","378","2.693862","0","0","13970","14498","23246","37778","1","2596","1.068717","154","2","13970","94.201302","6456","2","51","2.647150","578","2","2","2.000000","37778","47298","37778","3.314094e-05","0","15435","1.251999","0","5511","1.251999","21459","37778","14765","37778","0","11","3","14765","3434.363525"
"sx-askubuntu","964438","2","92200","226978","504868","2.670066e-05","1","1539","2.461800","0","515","2.461800","0","0","30781","32025","55206","87880","1","4315","1.049158","323","2","30781","99.105263","14501","2","94","2.649610","1761","2","2","2.000000","87880","107722","87880","1.394840e-05","0","34669","1.225785","0","10864","1.225785","51445","87880","33079","87880","0","13","3","33079","6760.000000"
"sx-askubuntu","964438","3","137550","335321","515274","1.772310e-05","1","2048","2.437812","0","590","2.437812","0","0","45157","46847","83486","130921","1","6621","1.050634","443","2","45157","106.178329","21073","2","118","2.665544","3504","2","2","2.000000","130921","156860","130921","9.151528e-06","0","52480","1.198127","0","15803","1.198127","77343","130921","49572","130921","0","12","8","49572","10910.083008"
"sx-askubuntu","964438","4","138533","379420","515274","1.977032e-05","1","2338","2.738842","0","812","2.738842","0","0","42983","44345","83139","123503","1","14746","1.121697","667","2","42983","68.763115","20152","2","120","2.703752","3450","2","3","2.005507","123503","139695","123503","9.158532e-06","0","52334","1.131106","0","19223","1.131106","73474","123503","47362","123503","0","12","7","48758","10291.916992"
"sx-askubuntu","964438","5","140380","424274","515274","2.152960e-05","1","2673","3.022325","0","926","3.022325","0","0","39902","40935","82834","115812","1","23839","1.212137","994","2","39902","45.151913","19093","2","133","2.783376","3380","2","3","2.018935","115812","126219","115812","9.410606e-06","0","53206","1.089861","0","20639","1.089861","69480","115812","44252","115812","0","11","5","49903","10528.363281"
"sx-askubuntu","964438","6","142806","468387","515274","2.296740e-05","1","3125","3.279883","0","1250","3.279883","0","0","37446","38347","82364","108537","1","33142","1.315736","1331","2","37446","33.440269","18122","2","180","2.898190","3240","2","3","2.032099","108537","115289","108537","9.786610e-06","0","52927","1.062209","0","21650","1.062209","65071","108537","41650","108537","0","11","2","49846","9867.000000"
"sx-askubuntu","964438","7","145391","509772","515274","2.411576e-05","1","3586","3.506214","0","1517","3.506214","0","0","35901","36771","82636","103055","1","40846","1.410810","1552","2","35901","28.561855","17306","2","213","3.001040","3063","2","3","2.046686","103055","107384","103055","1.011117e-05","0","52489","1.042007","0","22790","1.042007","61330","103055","39955","103055","0","10","1","49622","10305.500000"
"sx-askubuntu","964438","8","148343","551305","515274","2.505289e-05","1","4108","3.716421","0","1721","3.716421","0","0","34255","35132","83257","98176","1","48335","1.510991","1770","2","34255","24.937288","16610","2","233","3.111619","2735","2","3","2.065082","98176","101170","98176","1.049642e-05","0","52455","1.030496","0","23237","1.030496","58095","98176","37975","98176","0","9","1","49576","10908.444336"
"sx-askubuntu","964438","9","153186","592273","515274","2.523967e-05","1","4471","3.866365","0","1847","3.866365","0","0","33323","34238","86445","97083","1","54049","1.577887","1941","2","33323","22.746523","16148","2","246","3.195938","2603","2","3","2.074529","97083","99662","97083","1.057410e-05","0","54110","1.026565","0","23595","1.026565","57858","97083","36894","97083","0","9","1","51138","10787.000000"
"sx-askubuntu","964438","10","159315","635428","515277","2.503531e-05","1","4966","3.988501","0","1954","3.988501","0","0","32269","33230","90809","97173","1","59813","1.639499","2117","2","32269","20.847425","15786","2","257","3.274294","2440","2","3","2.089344","97173","99734","97173","1.056214e-05","0","56815","1.026355","0","23608","1.026355","58802","97173","35679","97173","0","9","1","53692","10797.000000"
"sx-askubuntu","964438","11","159316","635431","515281","2.503512e-05","1","4966","3.988495","0","1954","3.988495","0","0","32269","33230","90810","97174","1","59813","1.639492","2117","2","32269","20.847425","15786","2","257","3.274294","2440","2","3","2.089344","97174","99735","97174","1.056203e-05","0","56816","1.026355","0","23608","1.026355","58803","97174","35679","97174","0","9","1","53693","10797.111328"
"sx-askubuntu-a2q","280103","1","7841","28429","491523","4.624009e-04","1","481","3.625685","0","209","3.625685","0","0","2498","2586","4316","6792","1","1050","1.154446","32","2","2498","81.625000","992","2","21","2.635081","95","2","2","2.000000","6792","9560","6792","2.072347e-04","0","3276","1.407538","0","1472","1.407538","3814","6792","2639","6792","0","8","5","3002","849.000000"
"sx-askubuntu-a2q","280103","2","20077","60360","491523","1.497448e-04","1","726","3.006425","0","267","3.006425","0","0","6792","7060","11362","18325","1","1752","1.095607","80","2","6792","88.500000","3019","2","34","2.656178","258","2","2","2.000000","18325","24019","18325","7.152650e-05","0","7902","1.310723","0","3148","1.310723","10377","18325","7151","18325","0","10","1","7263","1832.500000"
"sx-askubuntu-a2q","280103","3","33729","93635","491523","8.230596e-05","1","799","2.776098","0","342","2.776098","0","0","11546","11968","19382","31346","1","2383","1.076023","137","2","11546","87.817520","5302","2","44","2.643342","464","2","2","2.000000","31346","39423","31346","4.012226e-05","0","13379","1.257672","0","4718","1.257672","17834","31346","12192","31346","0","10","2","12300","3134.600098"
"sx-askubuntu-a2q","280103","4","48856","127889","503250","5.357934e-05","1","858","2.617672","0","413","2.617672","0","0","16864","17514","28334","45964","1","2892","1.062919","187","2","16864","93.727272","7866","2","61","2.644038","752","2","2","2.000000","45964","56979","45964","2.696989e-05","0","18594","1.239644","0","6382","1.239644","26206","45964","17890","45964","0","10","5","17890","4596.399902"
"sx-askubuntu-a2q","280103","5","64247","162628","503250","3.939940e-05","1","1099","2.531293","0","457","2.531293","0","0","21880","22725","37802","60867","1","3379","1.055531","233","2","21880","97.600861","10219","2","74","2.655054","1046","2","3","2.000956","60867","75397","60867","2.035121e-05","0","23972","1.238717","0","8048","1.238717","35119","60867","23277","60867","0","14","2","23277","4347.643066"
"sx-askubuntu-a2q","280103","6","79739","197395","503250","3.104521e-05","1","1351","2.475514","0","494","2.475514","0","0","26781","27863","47524","75876","1","3860","1.050912","271","2","26781","102.642067","12612","2","88","2.647399","1400","2","2","2.000000","75876","93116","75876","1.617393e-05","0","29783","1.227213","0","9608","1.227213","44299","75876","28641","75876","0","13","4","28641","5836.615234"
"sx-askubuntu-a2q","280103","7","93801","230836","504868","2.623546e-05","1","1563","2.460912","0","517","2.460912","0","0","31250","32515","56245","89421","1","4374","1.048982","329","2","31250","98.808510","14742","2","95","2.649505","1799","2","2","2.000000","89421","109645","89421","1.371228e-05","0","35377","1.226166","0","11007","1.226166","52407","89421","33598","89421","0","13","3","33598","6878.538574"
"sx-askubuntu-a2q","280103","8","108665","264536","504868","2.240296e-05","1","1751","2.434418","0","553","2.434418","0","0","35993","37420","65531","103826","1","4834","1.046607","374","2","35993","100.181816","16939","2","106","2.653403","2337","2","2","2.000000","103826","126750","103826","1.175806e-05","0","41151","1.220793","0","12387","1.220793","61010","103826","39003","103826","0","13","4","39003","7986.615234"
"sx-askubuntu-a2q","280103","9","122619","297519","504868","1.978787e-05","1","1858","2.426369","0","568","2.426369","0","0","40326","41912","74381","117322","1","5292","1.045149","401","2","40326","104.653366","18872","2","110","2.655680","2858","2","2","2.000000","117322","143276","117322","1.040913e-05","0","46754","1.221220","0","13744","1.221220","69245","117322","43968","117322","0","12","8","43968","9776.833008"
"sx-askubuntu-a2q","280103","10","137517","330679","515274","1.748614e-05","1","2048","2.404641","0","590","2.404641","0","0","45381","47126","83428","131766","1","5746","1.043646","428","2","45381","110.324768","21142","2","119","2.665973","3507","2","2","2.000000","131766","160020","131766","9.216532e-06","0","52410","1.214426","0","15248","1.214426","77683","131766","49808","131766","0","12","8","49808","10980.500000"
"sx-askubuntu-a2q","280103","11","137517","330681","515274","1.748624e-05","1","2048","2.404655","0","590","2.404655","0","0","45381","47126","83428","131766","1","5746","1.043646","428","2","45381","110.324768","21142","2","119","2.665973","3507","2","2","2.000000","131766","160021","131766","9.216590e-06","0","52410","1.214433","0","15248","1.214433","77683","131766","49808","131766","0","12","8","49808","10980.500000"
"sx-askubuntu-c2a","356823","1","5604","20244","429587","6.446145e-04","1","188","3.612420","0","404","3.612420","0","0","2787","2858","2347","4372","1","1233","1.281793","29","2","2787","98.551727","499","2","50","3.653307","33","2","2","2.000000","4372","4745","4372","2.482424e-04","0","1001","1.085316","0","2616","1.085316","1377","4372","2844","4372","0","7","2","2844","624.571411"
"sx-askubuntu-c2a","356823","2","13386","41007","454595","2.288529e-04","1","244","3.063425","0","591","3.063425","0","0","6971","7188","5453","11180","1","2205","1.197317","59","2","6971","121.203392","1318","2","98","3.912747","107","2","2","2.000000","11180","11852","11180","9.482176e-05","0","2390","1.060107","0","6185","1.060107","3637","11180","7139","11180","0","9","1","7139","1242.222168"
"sx-askubuntu-c2a","356823","3","21281","61579","482658","1.359717e-04","1","748","2.893614","0","677","2.893614","0","0","11151","11462","8730","18209","1","3070","1.168708","89","2","11151","128.662918","2147","2","123","4.037727","161","2","2","2.000000","18209","19208","18209","5.793086e-05","0","4269","1.054863","0","9698","1.054863","6175","18209","11405","18209","0","9","1","11405","2023.222168"
"sx-askubuntu-c2a","356823","4","29645","82146","482658","9.347242e-05","1","1067","2.770990","0","798","2.770990","0","0","15810","16240","12022","25713","1","3927","1.152919","103","2","15810","156.912628","3075","2","137","4.092683","239","2","2","2.000000","25713","27143","25713","4.105370e-05","0","6055","1.055614","0","13553","1.055614","8694","25713","16180","25713","0","10","1","16180","2571.300049"
"sx-askubuntu-c2a","356823","5","38264","102184","500434","6.979144e-05","1","1157","2.670500","0","1049","2.670500","0","0","20819","21389","15207","33574","1","4683","1.139691","131","2","20819","162.290070","4008","2","214","4.204840","307","2","2","2.000000","33574","35484","33574","3.147940e-05","0","7752","1.056889","0","17761","1.056889","11197","33574","21269","33574","0","10","1","21269","3357.399902"
"sx-askubuntu-c2a","356823","6","46022","121147","500434","5.719811e-05","1","1204","2.632371","0","1217","2.632371","0","0","25423","26099","18022","40659","1","5356","1.131902","146","2","25423","177.527405","4899","2","244","4.215554","348","2","2","2.000000","40659","43141","40659","2.609617e-05","0","9125","1.061044","0","21567","1.061044","13314","40659","25957","40659","0","10","2","25957","4065.899902"
"sx-askubuntu-c2a","356823","7","53669","140143","500434","4.865466e-05","1","1368","2.611247","0","1395","2.611247","0","0","29928","30705","20771","47543","1","6118","1.128852","182","2","29928","167.763733","5675","2","282","4.295683","410","2","2","2.000000","47543","50519","47543","2.235021e-05","0","10554","1.062596","0","25432","1.062596","15414","47543","30547","47543","0","10","3","30547","4754.299805"
"sx-askubuntu-c2a","356823","8","61270","158884","500434","4.232378e-05","1","1429","2.593178","0","1540","2.593178","0","0","34285","35201","23573","54418","1","6844","1.125914","203","2","34285","172.369461","6490","2","305","4.328197","460","2","2","2.000000","54418","58017","54418","1.959161e-05","0","12138","1.066136","0","29076","1.066136","17587","54418","34972","54418","0","11","1","34972","4947.090820"
"sx-askubuntu-c2a","356823","9","67960","175497","500434","3.799819e-05","1","1448","2.582357","0","1648","2.582357","0","0","38416","39425","25774","60469","1","7482","1.123882","225","2","38416","174.293335","7162","2","327","4.399190","498","2","2","2.000000","60469","64532","60469","1.764857e-05","0","13268","1.067191","0","32639","1.067191","19216","60469","39163","60469","0","11","1","39163","5497.181641"
"sx-askubuntu-c2a","356823","10","75555","194136","515255","3.400789e-05","1","1448","2.569466","0","1739","2.569466","0","0","42785","43912","28567","67325","1","8221","1.122243","248","2","42785","176.189514","8015","2","372","4.402121","551","2","2","2.000000","67325","71919","67325","1.586686e-05","0","14842","1.068236","0","36203","1.068236","21422","67325","43599","67325","0","11","1","43599","6120.454590"
"sx-askubuntu-c2a","356823","11","75555","194137","515255","3.400806e-05","1","1448","2.569479","0","1739","2.569479","0","0","42785","43912","28567","67325","1","8221","1.122243","248","2","42785","176.189514","8015","2","372","4.402121","551","2","2","2.000000","67325","71919","67325","1.586686e-05","0","14842","1.068236","0","36203","1.068236","21422","67325","43599","67325","0","11","1","43599","6120.454590"
"sx-askubuntu-c2q","327514","1","8226","24914","400238","3.681850e-04","1","731","3.028690","0","70","3.028690","0","0","991","1014","7060","7744","1","483","1.062242","20","2","991","51.799999","493","2","4","2.083164","265","2","2","2.000000","7744","10535","7744","1.756725e-04","0","4961","1.360408","0","379","1.360408","6255","7744","1287","7744","0","10","1","4528","774.400024"
"sx-askubuntu-c2q","327514","2","17438","51044","482658","1.678616e-04","1","1137","2.927171","0","104","2.927171","0","0","1805","1856","15325","16639","1","799","1.048020","31","2","1805","61.000000","951","2","6","2.076761","621","2","2","2.000000","16639","20576","16639","7.432014e-05","0","11657","1.236613","0","589","1.236613","13875","16639","2484","16639","0","12","1","10716","1386.583374"
"sx-askubuntu-c2q","327514","3","26640","76541","482658","1.078514e-04","1","1272","2.873161","0","136","2.873161","0","0","2652","2712","23572","25597","1","1042","1.040747","38","2","2652","72.763161","1416","2","8","2.098870","945","2","2","2.000000","25597","32096","25597","4.898609e-05","0","17622","1.253897","0","820","1.253897","21572","25597","3679","25597","0","11","2","16222","2327.000000"
"sx-askubuntu-c2q","327514","4","36058","102315","500434","7.869299e-05","1","1395","2.837512","0","153","2.837512","0","0","3443","3531","32100","34836","1","1221","1.035079","44","2","3443","81.159088","1854","2","11","2.093312","1261","2","2","2.000000","34836","43948","34836","3.621450e-05","0","23729","1.261569","0","1026","1.261569","29614","34836","4816","34836","0","10","7","21875","3483.600098"
"sx-askubuntu-c2q","327514","5","43892","124960","500434","6.486349e-05","1","1790","2.846988","0","164","2.846988","0","0","4357","4460","38901","42454","1","1437","1.033872","56","2","4357","80.785713","2394","2","11","2.103175","1510","2","2","2.000000","42454","53865","42454","2.988611e-05","0","28942","1.268785","0","1269","1.268785","35906","42454","5998","42454","0","12","1","26622","3537.833252"
"sx-askubuntu-c2q","327514","6","51449","147426","500434","5.569551e-05","1","1953","2.865479","0","182","2.865479","0","0","5067","5195","45649","49830","1","1618","1.032490","63","2","5067","83.365082","2780","2","18","2.110791","1691","2","2","2.000000","49830","63515","49830","2.557965e-05","0","34246","1.274634","0","1460","1.274634","42217","49830","6905","49830","0","12","3","31630","4152.500000"
"sx-askubuntu-c2q","327514","7","58618","168915","500434","4.915936e-05","1","2278","2.881624","0","185","2.881624","0","0","5626","5774","52169","56872","1","1745","1.030701","69","2","5626","84.710144","3098","2","18","2.116850","1869","2","2","2.000000","56872","73496","56872","2.272305e-05","0","39295","1.292305","0","1598","1.292305","48356","56872","7648","56872","0","14","2","36239","4062.285645"
"sx-askubuntu-c2q","327514","8","65487","189603","500434","4.421148e-05","1","2517","2.895277","0","185","2.895277","0","0","6132","6293","58454","63605","1","1880","1.029589","77","2","6132","82.805191","3372","2","17","2.114176","2108","2","2","2.000000","63605","82790","63605","2.046423e-05","0","43978","1.301627","0","1748","1.301627","54253","63605","8418","63605","0","14","2","40553","4543.214355"
"sx-askubuntu-c2q","327514","9","72193","209677","500434","4.023098e-05","1","2800","2.904395","0","190","2.904395","0","0","6604","6760","64642","70184","1","2007","1.028625","80","2","6604","85.712502","3621","2","18","2.118752","2327","2","2","2.000000","70184","91372","70184","1.854970e-05","0","48913","1.301892","0","1876","1.301892","60101","70184","9122","70184","0","14","2","45169","5013.143066"
"sx-askubuntu-c2q","327514","10","79154","230464","515277","3.678387e-05","1","3115","2.911590","0","196","2.911590","0","0","7157","7321","71014","76985","1","2167","1.028174","82","2","7157","90.500000","3950","2","22","2.115443","2577","2","2","2.000000","76985","100652","76985","1.698283e-05","0","53604","1.307423","0","2013","1.307423","66143","76985","9933","76985","0","14","2","49705","5498.928711"
"sx-askubuntu-c2q","327514","11","79155","230466","515281","3.678325e-05","1","3115","2.911579","0","196","2.911579","0","0","7157","7321","71015","76986","1","2167","1.028174","82","2","7157","90.500000","3950","2","22","2.115443","2577","2","2","2.000000","76986","100653","76986","1.698256e-05","0","53605","1.307420","0","2013","1.307420","66144","76986","9933","76986","0","14","2","49706","5499.000000"
"sx-superuser","1443340","1","37574","148561","567261","1.052277e-04","1","1877","3.953825","0","255","3.953825","0","0","13268","13822","19926","33348","1","4227","1.126724","141","2","13268","98.035461","5087","2","31","2.774720","403","2","2","2.000000","33348","54849","33348","4.932069e-05","0","14771","1.644746","0","6924","1.644746","17485","33348","13823","33348","0","13","2","13823","2565.230713"
"sx-superuser","1443340","2","96385","309233","567261","3.328641e-05","1","2565","3.208310","0","365","3.208310","0","0","37231","38751","50833","89268","1","7115","1.079726","330","2","37231","116.839394","13867","2","60","2.991491","1384","2","2","2.000000","89268","134474","89268","1.687511e-05","0","33217","1.506408","0","17728","1.506408","45714","89268","39072","89268","0","13","1","39072","6866.769043"
"sx-superuser","1443340","3","167986","475711","567309","1.685765e-05","1","3101","2.831849","0","430","2.831849","0","0","66325","68742","89512","157978","1","10000","1.063351","534","2","66325","128.256561","24047","2","88","3.097600","3316","2","3","2.000603","157978","220692","157978","8.842872e-06","0","54005","1.396979","0","29362","1.396979","81217","157978","70598","157978","0","15","1","70598","10531.866211"
"sx-superuser","1443340","4","168495","548969","567309","1.933632e-05","1","3303","3.258073","0","1028","3.258073","0","0","63559","65501","89841","147776","1","20589","1.140206","761","2","63559","87.404732","23015","2","87","3.112318","3286","2","3","2.003348","147776","184406","147776","8.444370e-06","0","51959","1.247875","0","36434","1.247875","76610","147776","67779","147776","0","12","4","67779","12314.666992"
"sx-superuser","1443340","5","169908","615296","567309","2.131358e-05","1","3725","3.621348","0","1423","3.621348","0","0","60678","62324","90106","138802","1","30747","1.224103","1024","2","60678","63.400391","21865","2","95","3.170821","3239","2","3","2.007718","138802","164157","138802","8.520557e-06","0","49583","1.182670","0","39559","1.182670","71730","138802","64880","138802","0","11","4","64880","12618.363281"
"sx-superuser","1443340","6","172468","682624","567309","2.294904e-05","1","4015","3.957975","0","1672","3.957975","0","0","57302","58661","91487","130293","1","41530","1.323694","1333","2","57302","47.492874","20730","2","113","3.237096","3133","2","3","2.015321","130293","146500","130293","8.629695e-06","0","49797","1.124389","0","40457","1.124389","67527","130293","61398","130293","0","10","1","61398","13029.299805"
"sx-superuser","1443340","7","175930","750081","567309","2.423418e-05","1","4859","4.263520","0","1918","4.263520","0","0","53996","55186","93139","122475","1","52489","1.436456","1657","2","53996","37.423656","19663","2","146","3.328282","2926","2","3","2.028025","122475","132726","122475","8.848326e-06","0","49774","1.083699","0","40520","1.083699","63440","122475","57912","122475","0","9","2","57912","13608.333008"
"sx-superuser","1443340","8","180309","817630","567309","2.514907e-05","1","8059","4.534605","0","2140","4.534605","0","0","51079","52107","95776","115906","1","63132","1.555649","1980","2","51079","30.772728","18796","2","177","3.420781","2659","2","3","2.040617","115906","121086","115906","9.013263e-06","0","51409","1.044691","0","40212","1.044691","60021","115906","54752","115906","0","9","1","54752","12878.444336"
"sx-superuser","1443340","9","186192","887514","567309","2.560078e-05","1","11141","4.766660","0","2316","4.766660","0","0","47867","48929","99460","110829","1","73749","1.679994","2323","2","47867","25.860094","17969","2","205","3.538260","2294","2","3","2.061901","110829","114034","110829","9.283837e-06","0","53494","1.028918","0","39227","1.028918","57900","110829","51164","110829","0","9","1","51290","12314.333008"
"sx-superuser","1443340","10","194085","959490","567316","2.547162e-05","1","14255","4.943659","0","2513","4.943659","0","0","44858","46004","105113","108289","1","83813","1.792287","2641","2","44858","22.519501","17419","2","225","3.644698","1956","2","3","2.092536","108289","111251","108289","9.487138e-06","0","56698","1.027353","0","38067","1.027353","57897","108289","47864","108289","0","9","1","54177","12032.111328"
"sx-superuser-a2q","430034","1","8653","42358","489504","5.657207e-04","1","1020","4.895181","0","147","4.895181","0","0","2642","2815","4257","6857","1","1797","1.261922","58","2","2642","48.758621","898","2","12","2.565701","89","2","2","2.000000","6857","13059","6857","2.777420e-04","0","3274","1.904477","0","1779","1.904477","3472","6857","2766","6857","0","11","1","2804","623.363647"
"sx-superuser-a2q","430034","2","19033","86056","555782","2.375563e-04","1","1342","4.521410","0","224","4.521410","0","0","6257","6585","9904","16034","1","3000","1.187040","90","2","6257","72.977776","2289","2","17","2.655308","233","2","2","2.000000","16034","28277","16034","1.099891e-04","0","7522","1.763565","0","3789","1.763565","8342","16034","6585","16034","0","9","8","6635","1781.555542"
"sx-superuser-a2q","430034","3","33034","132373","567261","1.213045e-04","1","1820","4.007174","0","245","4.007174","0","0","11634","12134","17405","29166","1","3869","1.132620","131","2","11634","92.587784","4424","2","26","2.754069","354","2","2","2.000000","29166","48393","29166","5.688906e-05","0","12898","1.659227","0","6172","1.659227","15213","29166","12128","29166","0","12","1","12128","2430.500000"
"sx-superuser-a2q","430034","4","46935","178310","567261","8.094351e-05","1","2050","3.799084","0","297","3.799084","0","0","16975","17676","24851","42179","1","4757","1.112758","176","2","16975","100.227272","6429","2","33","2.827967","529","2","2","2.000000","42179","68830","42179","3.868880e-05","0","17861","1.631855","0","8700","1.631855","21967","42179","17702","42179","0","13","1","17702","3244.538574"
"sx-superuser-a2q","430034","5","64019","225892","567261","5.511668e-05","1","2259","3.528515","0","329","3.528515","0","0","24048","25047","33639","58341","1","5677","1.097324","230","2","24048","108.400002","9104","2","42","2.890488","762","2","2","2.000000","58341","91317","58341","2.682896e-05","0","23524","1.565229","0","11977","1.565229","29952","58341","25111","58341","0","12","5","25111","4861.750000"
"sx-superuser-a2q","430034","6","82555","274140","567261","4.022403e-05","1","2429","3.320695","0","354","3.320695","0","0","31793","33079","43283","76016","1","6537","1.086021","285","2","31793","115.477196","11984","2","53","2.943758","1114","2","2","2.000000","76016","115932","76016","2.006288e-05","0","29050","1.525100","0","15348","1.525100","38746","76016","33287","76016","0","16","1","33287","4751.000000"
"sx-superuser-a2q","430034","7","102170","323362","567261","3.097720e-05","1","2618","3.164941","0","370","3.164941","0","0","39599","41183","53924","94829","1","7338","1.077413","342","2","39599","119.809944","14686","2","61","3.005311","1523","2","2","2.000000","94829","141863","94829","1.577563e-05","0","34904","1.495988","0","18634","1.495988","48574","94829","41606","94829","0","14","2","41606","6773.500000"
"sx-superuser-a2q","430034","8","123159","373126","567261","2.459933e-05","1","2795","3.029628","0","385","3.029628","0","0","48268","50313","65036","115079","1","8076","1.070213","410","2","48268","121.726830","17635","2","66","3.048483","1950","2","3","2.000513","115079","169699","115079","1.281407e-05","0","40276","1.474630","0","22251","1.474630","58830","115079","50847","115079","0","16","1","50847","7192.437500"
"sx-superuser-a2q","430034","9","145260","423306","567261","2.006145e-05","1","2938","2.914126","0","408","2.914126","0","0","57305","59638","76940","136420","1","8834","1.064800","472","2","57305","125.400421","20820","2","76","3.080211","2597","2","3","2.000770","136420","197383","136420","1.060605e-05","0","46420","1.446877","0","25733","1.446877","69809","136420","60693","136420","0","16","1","60693","8526.250000"
"sx-superuser-a2q","430034","10","167980","473749","567309","1.678932e-05","1","3101","2.820270","0","430","2.820270","0","0","66423","68877","89406","158287","1","9687","1.061237","536","2","66423","127.972015","24072","2","88","3.098579","3316","2","3","2.000603","158287","222831","158287","8.893754e-06","0","53975","1.407766","0","29204","1.407766","81286","158287","70702","158287","0","15","1","70702","10552.466797"
"sx-superuser-a2q","430034","11","167981","473753","567309","1.678926e-05","1","3101","2.820277","0","430","2.820277","0","0","66423","68877","89407","158288","1","9687","1.061237","536","2","66423","127.972015","24072","2","88","3.098579","3316","2","3","2.000603","158288","222833","158288","8.893721e-06","0","53975","1.407769","0","29204","1.407769","81287","158288","70702","158288","0","15","1","70702","10552.533203"
"sx-superuser-c2a","534240","1","7472","33280","528402","5.960869e-04","1","447","4.453961","0","841","4.453961","0","0","3184","3301","3389","5207","1","2265","1.434991","46","2","3184","72.021736","481","2","72","3.615385","51","2","2","2.000000","5207","5770","5207","2.128142e-04","0","1354","1.108124","0","3159","1.108124","1689","5207","3292","5207","0","9","1","3292","578.555542"
"sx-superuser-c2a","534240","2","15045","64150","555782","2.834081e-04","1","571","4.263875","0","1036","4.263875","0","0","6988","7229","6508","11280","1","3763","1.333777","96","2","6988","75.614586","1099","2","103","3.934486","113","2","2","2.000000","11280","12304","11280","9.670037e-05","0","2825","1.090780","0","6792","1.090780","3651","11280","7204","11280","0","10","1","7204","1128.000000"
"sx-superuser-c2a","534240","3","23019","92804","567261","1.751434e-04","1","571","4.031626","0","1271","4.031626","0","0","11332","11678","9607","17971","1","5044","1.280897","126","2","11332","92.841270","1705","2","129","4.209384","168","2","2","2.000000","17971","19499","17971","6.037649e-05","0","4196","1.085026","0","10864","1.085026","5702","17971","11637","17971","0","8","1","11637","2246.375000"
"sx-superuser-c2a","534240","4","31515","122070","567261","1.229063e-04","1","666","3.873394","0","1496","3.873394","0","0","15790","16261","13059","25134","1","6377","1.253879","166","2","15790","98.162651","2476","2","179","4.238691","219","2","3","2.004566","25134","27230","25134","4.310468e-05","0","5905","1.083393","0","14851","1.083393","8061","25134","16190","25134","0","10","1","16190","2513.399902"
"sx-superuser-c2a","534240","5","41452","152536","567261","8.877310e-05","1","790","3.679822","0","1658","3.679822","0","0","20828","21460","17390","33791","1","7656","1.226717","198","2","20828","108.313133","3392","2","215","4.181014","280","2","2","2.000000","33791","36583","33791","3.203887e-05","0","8118","1.082626","0","19352","1.082626","11234","33791","21335","33791","0","10","1","21335","3379.100098"
"sx-superuser-c2a","534240","6","52349","183159","567261","6.683616e-05","1","1006","3.498806","0","1832","3.498806","0","0","26606","27395","21911","43377","1","8962","1.206838","238","2","26606","114.873947","4487","2","245","4.162692","367","2","2","2.000000","43377","46868","43377","2.490906e-05","0","10444","1.080480","0","24313","1.080480","14568","43377","27252","43377","0","11","1","27252","3943.363525"
"sx-superuser-c2a","534240","7","63813","214334","567261","5.263477e-05","1","1174","3.358783","0","2018","3.358783","0","0","32873","33846","26464","53494","1","10305","1.192900","274","2","32873","123.091240","5605","2","282","4.199643","420","2","2","2.000000","53494","57906","53494","2.023548e-05","0","12937","1.082476","0","29636","1.082476","17962","53494","33611","53494","0","8","8","33611","6686.750000"
"sx-superuser-c2a","534240","8","75916","246386","567261","4.275131e-05","1","1274","3.245508","0","2200","3.245508","0","0","39426","40579","31323","64290","1","11611","1.180837","306","2","39426","131.973862","6886","2","314","4.195034","499","2","2","2.000000","64290","69860","64290","1.690214e-05","0","15488","1.086639","0","35019","1.086639","21641","64290","40278","64290","0","9","4","40278","7143.333496"
"sx-superuser-c2a","534240","9","88339","278776","567261","3.572321e-05","1","1608","3.155752","0","2337","3.155752","0","0","45790","47120","36704","75380","1","12943","1.171916","333","2","45790","140.720718","8062","2","353","4.211858","576","2","2","2.000000","75380","81953","75380","1.442290e-05","0","18727","1.087198","0","40405","1.087198","25860","75380","46755","75380","0","9","6","46755","8375.555664"
"sx-superuser-c2a","534240","10","101052","311758","567301","3.053007e-05","1","2136","3.085124","0","2513","3.085124","0","0","52199","53716","42310","86821","1","14206","1.163912","384","2","52199","139.098953","9345","2","395","4.210273","687","2","2","2.000000","86821","94600","86821","1.254994e-05","0","22118","1.089598","0","45566","1.089598","30317","86821","53309","86821","0","10","2","53309","8682.099609"
"sx-superuser-c2q","479068","1","11779","38098","472235","2.745904e-04","1","791","3.234400","0","77","3.234400","0","0","1749","1801","9667","11015","1","764","1.069360","29","2","1749","63.344826","773","2","7","2.135834","360","2","2","2.000000","11015","17005","11015","1.401547e-04","0","6526","1.543804","0","640","1.543804","8268","11015","2158","11015","0","11","1","5684","1001.363647"
"sx-superuser-c2q","479068","2","21097","71499","553955","1.606418e-04","1","1214","3.389060","0","97","3.389060","0","0","2916","3006","17637","19849","1","1248","1.062875","43","2","2916","70.790695","1334","2","7","2.132684","554","2","2","2.000000","19849","30710","19849","7.794756e-05","0","12508","1.547181","0","1096","1.547181","15265","19849","3543","19849","0","12","1","11025","1654.083374"
"sx-superuser-c2q","479068","3","30407","104216","553955","1.127164e-04","1","1776","3.427369","0","110","3.427369","0","0","4069","4178","25681","28719","1","1687","1.058776","53","2","4069","79.679245","1850","2","8","2.138378","775","2","2","2.000000","28719","44126","28719","5.350026e-05","0","18376","1.536474","0","1483","1.536474","22464","28719","4937","28719","0","12","1","16394","2393.250000"
"sx-superuser-c2q","479068","4","40005","136687","565737","8.540802e-05","1","2289","3.416748","0","117","3.416748","0","0","5127","5269","34080","37928","1","2074","1.054762","59","2","5127","89.830505","2372","2","9","2.135751","953","2","2","2.000000","37928","58526","37928","4.068450e-05","0","24161","1.543082","0","1798","1.543082","30039","37928","6189","37928","0","13","1","21704","2917.538574"
"sx-superuser-c2q","479068","5","49047","168103","565737","6.987963e-05","1","4031","3.427386","0","128","3.427386","0","0","5975","6119","42197","46634","1","2410","1.051743","67","2","5975","92.074623","2726","2","9","2.137197","1106","2","2","2.000000","46634","70662","46634","3.249231e-05","0","31131","1.515246","0","2067","1.515246","37460","46634","7197","46634","0","13","1","28062","3587.230713"
"sx-superuser-c2q","479068","6","57808","198110","565737","5.928305e-05","1","5908","3.427034","0","135","3.427034","0","0","6870","7055","49940","55116","1","2689","1.048842","71","2","6870","99.957748","3129","2","9","2.140940","1255","2","2","2.000000","55116","85015","55116","2.798596e-05","0","36439","1.542474","0","2357","1.542474","44557","55116","8256","55116","0","13","1","32976","4239.692383"
"sx-superuser-c2q","479068","7","66893","228585","565737","5.108417e-05","1","7653","3.417174","0","144","3.417174","0","0","7751","7955","58074","63913","1","2976","1.046626","79","2","7751","101.240509","3596","2","9","2.134872","1401","2","2","2.000000","63913","99764","63913","2.442280e-05","0","41913","1.560934","0","2667","1.560934","52038","63913","9296","63913","0","15","1","38015","4260.866699"
"sx-superuser-c2q","479068","8","76065","259530","565737","4.485572e-05","1","9312","3.411950","0","151","3.411950","0","0","8588","8817","66326","72839","1","3222","1.044289","84","2","8588","105.464287","3999","2","10","2.137784","1570","2","2","2.000000","72839","114767","72839","2.163162e-05","0","47877","1.575626","0","2942","1.575626","59631","72839","10313","72839","0","14","1","43446","5202.785645"
"sx-superuser-c2q","479068","9","85318","290380","565737","3.989196e-05","1","10680","3.403502","0","156","3.403502","0","0","9433","9685","74646","81827","1","3487","1.042663","92","2","9433","105.869568","4436","2","10","2.140893","1767","2","2","2.000000","81827","128682","81827","1.921872e-05","0","54045","1.572610","0","3182","1.572610","67343","81827","11369","81827","0","14","1","49105","5844.785645"
"sx-superuser-c2q","479068","10","94546","321360","567309","3.595055e-05","1","12386","3.398980","0","162","3.398980","0","0","10181","10454","83028","90745","1","3797","1.041887","99","2","10181","106.313133","4810","2","11","2.145738","1959","2","2","2.000000","90745","138538","90745","1.682378e-05","0","62021","1.526674","0","3403","1.526674","75127","90745","12315","90745","0","14","1","56538","6481.785645"
"sx-superuser-c2q","479068","11","94548","321364","567316","3.594947e-05","1","12386","3.398951","0","162","3.398951","0","0","10182","10455","83029","90747","1","3797","1.041886","99","2","10182","106.323235","4810","2","11","2.145946","1959","2","2","2.000000","90747","138540","90747","1.682328e-05","0","62021","1.526662","0","3403","1.526662","75128","90747","12316","90747","0","14","1","56538","6481.928711"
"wiki-talk-temporal","7833141","1","52898","274659","52898","9.815565e-05","1","2890","5.192238","0","1357","5.192238","0","0","35426","35437","16181","47447","1","5438","1.114886","53","2","35426","674.132080","2367","2","410","9.775243","822","2","2","2.000000","47447","60319","47447","2.679394e-05","0","10276","1.271292","0","34475","1.271292","11808","47447","36278","47447","0","7","3","36278","6778.143066"
"wiki-talk-temporal","7833141","2","92901","554794","92901","6.428224e-05","1","4461","5.971884","0","1536","5.971884","0","0","48550","48573","40764","79827","1","13034","1.163779","145","2","48550","340.427582","3956","2","355","8.288423","2679","2","2","2.000000","79827","105768","79827","1.659796e-05","0","26911","1.324965","0","47327","1.324965","30748","79827","51345","79827","0","7","1","51345","11403.857422"
"wiki-talk-temporal","7833141","3","146071","859078","146071","4.026286e-05","1","13890","5.881236","0","1550","5.881236","0","0","54538","54591","85086","124491","1","21502","1.173346","273","2","54538","205.186813","5128","2","330","7.509360","4963","2","2","2.000000","124491","167304","124491","1.079519e-05","0","60870","1.343904","0","53203","1.343904","68979","124491","59726","124491","0","7","1","60454","17784.427734"
"wiki-talk-temporal","7833141","4","221189","1224993","221189","2.503840e-05","1","27029","5.538218","0","1735","5.538218","0","0","55915","55969","155144","189639","1","31420","1.166369","472","2","55915","123.491524","6138","2","317","6.884816","7380","2","2","2.000000","189639","240991","189639","6.701091e-06","0","121907","1.270788","0","54388","1.270788","132277","189639","63608","189639","0","7","1","121101","27091.285156"
"wiki-talk-temporal","7833141","5","315953","1614949","315953","1.617759e-05","1","32042","5.111358","0","1747","5.111358","0","0","55255","55326","246015","273211","1","42548","1.156443","724","2","55255","81.348068","7019","2","297","6.489529","11814","2","2","2.000000","273211","323470","273211","4.333489e-06","0","199996","1.183957","0","53700","1.183957","215875","273211","67541","273211","0","7","1","198813","39030.144531"
"wiki-talk-temporal","7833141","6","420170","2016310","420170","1.142108e-05","1","51623","4.798796","0","1958","4.798796","0","0","51776","51841","347822","364457","1","55461","1.152866","1064","2","51776","53.837406","7783","2","280","6.200694","16286","2","2","2.000000","364457","393246","364457","2.960545e-06","0","289991","1.078992","0","50191","1.078992","309840","364457","68747","364457","0","7","1","288343","52065.285156"
"wiki-talk-temporal","7833141","7","555002","2478625","555002","8.046773e-06","1","72487","4.465975","0","1958","4.465975","0","0","46031","46114","481509","485652","1","69004","1.142798","1436","2","46031","37.544567","8444","2","249","5.939365","22403","2","3","2.000134","485652","502318","485652","2.129749e-06","0","408451","1.034317","0","44459","1.034317","435877","485652","69367","485652","0","7","1","406243","69378.859375"
"wiki-talk-temporal","7833141","8","712776","2983673","712776","5.872798e-06","1","97152","4.185990","0","3314","4.185990","0","0","39315","39395","638311","629514","1","82821","1.132264","1911","2","39315","26.197802","9116","2","308","5.709302","29806","2","3","2.000235","629514","630801","629514","1.591775e-06","0","552796","1.002044","0","37739","1.002044","585347","629514","70325","629514","0","7","1","549838","89930.570312"
"wiki-talk-temporal","7833141","9","904060","3545581","904060","4.338033e-06","1","126865","3.921843","0","3316","3.921843","0","0","30300","30406","829969","805898","1","97636","1.121804","2480","2","30300","18.005241","9588","2","388","5.532854","37466","2","3","2.000374","805898","790677","805898","1.217416e-06","0","727372","0.981113","0","28820","0.981113","769707","805898","69243","805898","0","8","2","723828","100737.250000"
"wiki-talk-temporal","7833141","10","1140149","4198587","1140149","3.229832e-06","1","141884","3.682490","0","3316","3.682490","0","0","19433","19534","1067845","1027333","1","112190","1.109814","3088","2","19433","12.252914","9907","2","405","5.337842","46170","2","3","2.000477","1027333","996275","1027333","9.439669e-07","0","947996","0.969768","0","18165","0.969768","1000847","1027333","67462","1027333","0","8","2","943598","128416.625000"
"sx-stackoverflow","63497051","1","747591","6102013","6017583","1.091805e-05","1","13909","8.162234","0","2991","8.162234","0","0","198940","204625","457619","610780","1","136743","1.223994","2933","2","198940","71.051483","63929","2","108","2.859281","6335","2","3","2.000158","610780","970604","610780","2.601791e-06","0","354948","1.589122","0","151080","1.589122","377801","610780","208455","610780","0","13","2","331603","46983.078125"
"sx-stackoverflow","63497051","2","1652959","12339389","6021928","4.516162e-06","1","20106","7.465030","0","3623","7.465030","0","0","415398","429243","1045346","1369999","1","282729","1.206540","7196","2","415398","61.214840","135479","2","144","2.841311","16031","2","3","2.000250","1369999","2232858","1369999","1.189654e-06","0","806908","1.629825","0","311009","1.629825","866680","1369999","440570","1369999","0","16","2","744672","85624.937500"
"sx-stackoverflow","63497051","3","2464728","18017041","6024257","2.965824e-06","1","23771","7.309951","0","4136","7.309951","0","0","588938","608817","1594011","2030586","1","433722","1.213801","11083","2","588938","56.784626","194970","2","167","2.809873","31706","2","3","2.000063","2030586","3210793","2030586","7.786988e-07","0","1209149","1.581215","0","445153","1.581215","1306589","2030586","636402","2030586","0","19","1","1112686","106872.945312"
"sx-stackoverflow","63497051","4","2470036","20800036","6024257","3.409240e-06","1","25650","8.420944","0","10061","8.420944","0","0","553821","569889","1580843","1865705","1","603333","1.323916","15056","2","553821","40.481934","183934","2","224","2.926735","31163","2","3","2.002407","1865705","2748401","1865705","7.895763e-07","0","1110736","1.473117","0","448550","1.473117","1201804","1865705","600429","1865705","0","15","1","1033921","124380.335938"
"sx-stackoverflow","63497051","5","2478030","23471889","6024257","3.822389e-06","1","27461","9.471995","0","13973","9.471995","0","0","517830","530366","1589096","1716124","1","760386","1.443969","18062","2","517830","32.448177","172545","2","299","3.022869","30304","2","3","2.004521","1716124","2357188","1716124","8.003812e-07","0","1027808","1.373553","0","436509","1.373553","1110035","1716124","562846","1716124","0","12","10","968560","143010.328125"
"sx-stackoverflow","63497051","6","2490930","26094206","6024257","4.205533e-06","1","29626","10.475688","0","16634","10.475688","0","0","479975","489465","1599930","1558673","1","930110","1.598109","21106","2","479975","26.644176","161795","2","334","3.148793","29197","2","3","2.007021","1558673","2007227","1558673","8.262024e-07","0","936443","1.287779","0","416618","1.287779","1009258","1558673","522720","1558673","0","12","2","892376","129889.414062"
"sx-stackoverflow","63497051","7","2506373","28719978","6024257","4.571858e-06","1","31739","11.458780","0","18472","11.458780","0","0","442426","449137","1618819","1405880","1","1097678","1.782779","23670","2","442426","22.652555","151724","2","377","3.285400","27820","2","3","2.009993","1405880","1690869","1405880","8.554871e-07","0","848879","1.202712","0","392951","1.202712","910109","1405880","482584","1405880","0","12","1","817065","117156.664062"
"sx-stackoverflow","63497051","8","2526707","31334330","6024257","4.908069e-06","1","33771","12.401252","0","19990","12.401252","0","0","400460","404672","1646495","1250002","1","1272868","2.021362","26282","2","400460","19.267597","141794","2","396","3.443481","25370","2","3","2.015964","1250002","1409301","1250002","9.019498e-07","0","763074","1.127439","0","362305","1.127439","810313","1250002","436548","1250002","0","11","1","741419","113636.546875"
"sx-stackoverflow","63497051","9","2556150","33966896","6024257","5.198561e-06","1","36119","13.288303","0","21270","13.288303","0","0","354070","356061","1682368","1091924","1","1459340","2.340960","29276","2","354070","16.209215","132379","2","489","3.623634","22133","2","3","2.023991","1091924","1147298","1091924","9.622578e-07","0","679465","1.050712","0","326425","1.050712","710660","1091924","385490","1091924","0","10","1","665985","109192.398438"
"sx-stackoverflow","63497051","10","2601977","36609184","6024271","5.407333e-06","1","38148","14.069757","0","22258","14.069757","0","0","305311","305899","1733500","953658","1","1642130","2.728417","32506","2","305311","13.561896","125367","2","631","3.797618","18960","2","3","2.035759","953658","950639","953658","1.045274e-06","0","612018","0.996834","0","285732","0.996834","628301","953658","332417","953658","0","7","2","602798","136236.859375"
